step,time,boundary_S,replication,scenario,model,regression,span_method
1,0.02,37.16776127728764,1,A1,GBM,polynomial,fixed
2,0.04,,1,A1,GBM,polynomial,fixed
3,0.06,,1,A1,GBM,polynomial,fixed
4,0.08,,1,A1,GBM,polynomial,fixed
5,0.1,33.92304461239967,1,A1,GBM,polynomial,fixed
6,0.12,34.64051588766097,1,A1,GBM,polynomial,fixed
7,0.14,30.97139828606878,1,A1,GBM,polynomial,fixed
8,0.16,34.36706820697352,1,A1,GBM,polynomial,fixed
9,0.18,30.00859140281424,1,A1,GBM,polynomial,fixed
10,0.2,30.714409084424275,1,A1,GBM,polynomial,fixed
11,0.22,29.700473771976554,1,A1,GBM,polynomial,fixed
12,0.24,31.6234236688066,1,A1,GBM,polynomial,fixed
13,0.26,31.22196863114719,1,A1,GBM,polynomial,fixed
14,0.28,33.39104834103931,1,A1,GBM,polynomial,fixed
15,0.3,34.49860666345997,1,A1,GBM,polynomial,fixed
16,0.32,30.826899337316675,1,A1,GBM,polynomial,fixed
17,0.34,31.75307261743885,1,A1,GBM,polynomial,fixed
18,0.36,33.06706677596266,1,A1,GBM,polynomial,fixed
19,0.38,32.19447064287339,1,A1,GBM,polynomial,fixed
20,0.4,33.06188386433198,1,A1,GBM,polynomial,fixed
21,0.42,,1,A1,GBM,polynomial,fixed
22,0.44,28.11038873358149,1,A1,GBM,polynomial,fixed
23,0.46,,1,A1,GBM,polynomial,fixed
24,0.48,27.572702383509036,1,A1,GBM,polynomial,fixed
25,0.5,28.526738628256922,1,A1,GBM,polynomial,fixed
26,0.52,27.689262253189362,1,A1,GBM,polynomial,fixed
27,0.54,25.112216841919633,1,A1,GBM,polynomial,fixed
28,0.56,28.695075875587417,1,A1,GBM,polynomial,fixed
29,0.58,26.99882848503617,1,A1,GBM,polynomial,fixed
30,0.6,29.026587043586172,1,A1,GBM,polynomial,fixed
31,0.62,29.081327901022092,1,A1,GBM,polynomial,fixed
32,0.64,36.28351801870835,1,A1,GBM,polynomial,fixed
33,0.66,27.07956190680166,1,A1,GBM,polynomial,fixed
34,0.68,29.101721795119484,1,A1,GBM,polynomial,fixed
35,0.7000000000000001,28.20996650519345,1,A1,GBM,polynomial,fixed
36,0.72,27.91969251650685,1,A1,GBM,polynomial,fixed
37,0.74,25.559728308010204,1,A1,GBM,polynomial,fixed
38,0.76,30.99284294991725,1,A1,GBM,polynomial,fixed
39,0.78,30.024115494156963,1,A1,GBM,polynomial,fixed
40,0.8,30.388408796165557,1,A1,GBM,polynomial,fixed
41,0.8200000000000001,25.28311028764036,1,A1,GBM,polynomial,fixed
42,0.84,24.311204151783436,1,A1,GBM,polynomial,fixed
43,0.86,23.510172951086975,1,A1,GBM,polynomial,fixed
44,0.88,22.587857243290976,1,A1,GBM,polynomial,fixed
45,0.9,24.15918717370106,1,A1,GBM,polynomial,fixed
46,0.92,29.662527737092653,1,A1,GBM,polynomial,fixed
47,0.9400000000000001,25.206730449493982,1,A1,GBM,polynomial,fixed
48,0.96,26.030948765167683,1,A1,GBM,polynomial,fixed
49,0.98,21.52376456323482,1,A1,GBM,polynomial,fixed
1,0.02,36.994715411184146,1,A2,Jump-diffusion,polynomial,fixed
2,0.04,27.213019957386965,1,A2,Jump-diffusion,polynomial,fixed
3,0.06,26.985821537040056,1,A2,Jump-diffusion,polynomial,fixed
4,0.08,,1,A2,Jump-diffusion,polynomial,fixed
5,0.1,33.93608775730808,1,A2,Jump-diffusion,polynomial,fixed
6,0.12,27.56271105401587,1,A2,Jump-diffusion,polynomial,fixed
7,0.14,23.342811850787815,1,A2,Jump-diffusion,polynomial,fixed
8,0.16,34.14017621218476,1,A2,Jump-diffusion,polynomial,fixed
9,0.18,24.208822595798075,1,A2,Jump-diffusion,polynomial,fixed
10,0.2,34.570999312851384,1,A2,Jump-diffusion,polynomial,fixed
11,0.22,25.164193720467235,1,A2,Jump-diffusion,polynomial,fixed
12,0.24,28.792892013647073,1,A2,Jump-diffusion,polynomial,fixed
13,0.26,28.177341183754827,1,A2,Jump-diffusion,polynomial,fixed
14,0.28,30.542691747161417,1,A2,Jump-diffusion,polynomial,fixed
15,0.3,34.071398779148005,1,A2,Jump-diffusion,polynomial,fixed
16,0.32,26.167424077511626,1,A2,Jump-diffusion,polynomial,fixed
17,0.34,32.877997971531265,1,A2,Jump-diffusion,polynomial,fixed
18,0.36,33.464558497948474,1,A2,Jump-diffusion,polynomial,fixed
19,0.38,30.024686365989144,1,A2,Jump-diffusion,polynomial,fixed
20,0.4,32.555480354516476,1,A2,Jump-diffusion,polynomial,fixed
21,0.42,,1,A2,Jump-diffusion,polynomial,fixed
22,0.44,,1,A2,Jump-diffusion,polynomial,fixed
23,0.46,28.120915599227363,1,A2,Jump-diffusion,polynomial,fixed
24,0.48,23.797772404605027,1,A2,Jump-diffusion,polynomial,fixed
25,0.5,23.31993747883064,1,A2,Jump-diffusion,polynomial,fixed
26,0.52,22.91628346867163,1,A2,Jump-diffusion,polynomial,fixed
27,0.54,34.99774224437094,1,A2,Jump-diffusion,polynomial,fixed
28,0.56,35.006701301020726,1,A2,Jump-diffusion,polynomial,fixed
29,0.58,23.63799620116134,1,A2,Jump-diffusion,polynomial,fixed
30,0.6,23.759182968979317,1,A2,Jump-diffusion,polynomial,fixed
31,0.62,29.62113005261232,1,A2,Jump-diffusion,polynomial,fixed
32,0.64,29.728507402984317,1,A2,Jump-diffusion,polynomial,fixed
33,0.66,29.769097930892478,1,A2,Jump-diffusion,polynomial,fixed
34,0.68,28.194639548853488,1,A2,Jump-diffusion,polynomial,fixed
35,0.7000000000000001,34.082365903879285,1,A2,Jump-diffusion,polynomial,fixed
36,0.72,35.31494398024941,1,A2,Jump-diffusion,polynomial,fixed
37,0.74,19.33705504249095,1,A2,Jump-diffusion,polynomial,fixed
38,0.76,18.121226341637268,1,A2,Jump-diffusion,polynomial,fixed
39,0.78,17.606696872938294,1,A2,Jump-diffusion,polynomial,fixed
40,0.8,17.89030377575188,1,A2,Jump-diffusion,polynomial,fixed
41,0.8200000000000001,34.67196792750499,1,A2,Jump-diffusion,polynomial,fixed
42,0.84,21.828676520319295,1,A2,Jump-diffusion,polynomial,fixed
43,0.86,21.627341352254916,1,A2,Jump-diffusion,polynomial,fixed
44,0.88,21.36385973754544,1,A2,Jump-diffusion,polynomial,fixed
45,0.9,23.60165536132385,1,A2,Jump-diffusion,polynomial,fixed
46,0.92,18.003618433870024,1,A2,Jump-diffusion,polynomial,fixed
47,0.9400000000000001,21.19033388436551,1,A2,Jump-diffusion,polynomial,fixed
48,0.96,22.022464242485853,1,A2,Jump-diffusion,polynomial,fixed
49,0.98,17.815515490189824,1,A2,Jump-diffusion,polynomial,fixed
1,0.02,36.994715411184146,1,B2_fixed,Jump-diffusion,lowess,fixed
2,0.04,30.237738694914782,1,B2_fixed,Jump-diffusion,lowess,fixed
3,0.06,26.985821537040056,1,B2_fixed,Jump-diffusion,lowess,fixed
4,0.08,27.175750078892104,1,B2_fixed,Jump-diffusion,lowess,fixed
5,0.1,34.845201001767755,1,B2_fixed,Jump-diffusion,lowess,fixed
6,0.12,34.82351746689033,1,B2_fixed,Jump-diffusion,lowess,fixed
7,0.14,30.988071132013182,1,B2_fixed,Jump-diffusion,lowess,fixed
8,0.16,26.940547189327983,1,B2_fixed,Jump-diffusion,lowess,fixed
9,0.18,33.49529280257604,1,B2_fixed,Jump-diffusion,lowess,fixed
10,0.2,33.21470515276057,1,B2_fixed,Jump-diffusion,lowess,fixed
11,0.22,31.238624703147334,1,B2_fixed,Jump-diffusion,lowess,fixed
12,0.24,28.792892013647073,1,B2_fixed,Jump-diffusion,lowess,fixed
13,0.26,28.177341183754827,1,B2_fixed,Jump-diffusion,lowess,fixed
14,0.28,30.679094944072357,1,B2_fixed,Jump-diffusion,lowess,fixed
15,0.3,32.051999368775924,1,B2_fixed,Jump-diffusion,lowess,fixed
16,0.32,,1,B2_fixed,Jump-diffusion,lowess,fixed
17,0.34,29.232459725861467,1,B2_fixed,Jump-diffusion,lowess,fixed
18,0.36,30.427835638589006,1,B2_fixed,Jump-diffusion,lowess,fixed
19,0.38,26.88093340953074,1,B2_fixed,Jump-diffusion,lowess,fixed
20,0.4,30.49812360180404,1,B2_fixed,Jump-diffusion,lowess,fixed
21,0.42,31.45900315659467,1,B2_fixed,Jump-diffusion,lowess,fixed
22,0.44,31.571352925942353,1,B2_fixed,Jump-diffusion,lowess,fixed
23,0.46,28.120915599227363,1,B2_fixed,Jump-diffusion,lowess,fixed
24,0.48,33.360956698664985,1,B2_fixed,Jump-diffusion,lowess,fixed
25,0.5,29.88966753107749,1,B2_fixed,Jump-diffusion,lowess,fixed
26,0.52,27.3774891058174,1,B2_fixed,Jump-diffusion,lowess,fixed
27,0.54,25.16440039851494,1,B2_fixed,Jump-diffusion,lowess,fixed
28,0.56,26.665821157654246,1,B2_fixed,Jump-diffusion,lowess,fixed
29,0.58,26.468970572071623,1,B2_fixed,Jump-diffusion,lowess,fixed
30,0.6,21.6772490572227,1,B2_fixed,Jump-diffusion,lowess,fixed
31,0.62,30.306618075838486,1,B2_fixed,Jump-diffusion,lowess,fixed
32,0.64,29.229643601577926,1,B2_fixed,Jump-diffusion,lowess,fixed
33,0.66,27.358516195196795,1,B2_fixed,Jump-diffusion,lowess,fixed
34,0.68,28.287927024809715,1,B2_fixed,Jump-diffusion,lowess,fixed
35,0.7000000000000001,20.632063948966728,1,B2_fixed,Jump-diffusion,lowess,fixed
36,0.72,26.63679544596847,1,B2_fixed,Jump-diffusion,lowess,fixed
37,0.74,28.790875546257176,1,B2_fixed,Jump-diffusion,lowess,fixed
38,0.76,29.00775890858662,1,B2_fixed,Jump-diffusion,lowess,fixed
39,0.78,31.541874169773322,1,B2_fixed,Jump-diffusion,lowess,fixed
40,0.8,31.790592179485078,1,B2_fixed,Jump-diffusion,lowess,fixed
41,0.8200000000000001,27.6688993348912,1,B2_fixed,Jump-diffusion,lowess,fixed
42,0.84,24.056946956743648,1,B2_fixed,Jump-diffusion,lowess,fixed
43,0.86,24.60319035864293,1,B2_fixed,Jump-diffusion,lowess,fixed
44,0.88,26.751950859109375,1,B2_fixed,Jump-diffusion,lowess,fixed
45,0.9,23.60165536132385,1,B2_fixed,Jump-diffusion,lowess,fixed
46,0.92,24.07420561866777,1,B2_fixed,Jump-diffusion,lowess,fixed
47,0.9400000000000001,24.683693524321836,1,B2_fixed,Jump-diffusion,lowess,fixed
48,0.96,28.8921432349074,1,B2_fixed,Jump-diffusion,lowess,fixed
49,0.98,26.18396091620796,1,B2_fixed,Jump-diffusion,lowess,fixed
1,0.02,37.24105350760448,1,B2_cv,Jump-diffusion,lowess,cv
2,0.04,30.237738694914782,1,B2_cv,Jump-diffusion,lowess,cv
3,0.06,26.985821537040056,1,B2_cv,Jump-diffusion,lowess,cv
4,0.08,27.175750078892104,1,B2_cv,Jump-diffusion,lowess,cv
5,0.1,34.38516603419591,1,B2_cv,Jump-diffusion,lowess,cv
6,0.12,27.56271105401587,1,B2_cv,Jump-diffusion,lowess,cv
7,0.14,,1,B2_cv,Jump-diffusion,lowess,cv
8,0.16,26.940547189327983,1,B2_cv,Jump-diffusion,lowess,cv
9,0.18,34.786913756424674,1,B2_cv,Jump-diffusion,lowess,cv
10,0.2,33.21470515276057,1,B2_cv,Jump-diffusion,lowess,cv
11,0.22,31.601845346786888,1,B2_cv,Jump-diffusion,lowess,cv
12,0.24,28.792892013647073,1,B2_cv,Jump-diffusion,lowess,cv
13,0.26,29.80490796701516,1,B2_cv,Jump-diffusion,lowess,cv
14,0.28,32.11497958187152,1,B2_cv,Jump-diffusion,lowess,cv
15,0.3,32.73890496348343,1,B2_cv,Jump-diffusion,lowess,cv
16,0.32,32.17871893091293,1,B2_cv,Jump-diffusion,lowess,cv
17,0.34,28.935728342056883,1,B2_cv,Jump-diffusion,lowess,cv
18,0.36,,1,B2_cv,Jump-diffusion,lowess,cv
19,0.38,30.453754836978728,1,B2_cv,Jump-diffusion,lowess,cv
20,0.4,30.978796578648193,1,B2_cv,Jump-diffusion,lowess,cv
21,0.42,,1,B2_cv,Jump-diffusion,lowess,cv
22,0.44,,1,B2_cv,Jump-diffusion,lowess,cv
23,0.46,27.758900295870248,1,B2_cv,Jump-diffusion,lowess,cv
24,0.48,,1,B2_cv,Jump-diffusion,lowess,cv
25,0.5,27.651868086768545,1,B2_cv,Jump-diffusion,lowess,cv
26,0.52,27.3774891058174,1,B2_cv,Jump-diffusion,lowess,cv
27,0.54,25.16440039851494,1,B2_cv,Jump-diffusion,lowess,cv
28,0.56,25.76604840769828,1,B2_cv,Jump-diffusion,lowess,cv
29,0.58,26.468970572071623,1,B2_cv,Jump-diffusion,lowess,cv
30,0.6,21.6772490572227,1,B2_cv,Jump-diffusion,lowess,cv
31,0.62,30.306618075838486,1,B2_cv,Jump-diffusion,lowess,cv
32,0.64,29.17284983120699,1,B2_cv,Jump-diffusion,lowess,cv
33,0.66,27.358516195196795,1,B2_cv,Jump-diffusion,lowess,cv
34,0.68,28.194639548853488,1,B2_cv,Jump-diffusion,lowess,cv
35,0.7000000000000001,20.632063948966728,1,B2_cv,Jump-diffusion,lowess,cv
36,0.72,26.298100930700016,1,B2_cv,Jump-diffusion,lowess,cv
37,0.74,28.94248705180159,1,B2_cv,Jump-diffusion,lowess,cv
38,0.76,28.755934098539548,1,B2_cv,Jump-diffusion,lowess,cv
39,0.78,31.541874169773322,1,B2_cv,Jump-diffusion,lowess,cv
40,0.8,31.790592179485078,1,B2_cv,Jump-diffusion,lowess,cv
41,0.8200000000000001,27.6688993348912,1,B2_cv,Jump-diffusion,lowess,cv
42,0.84,24.056946956743648,1,B2_cv,Jump-diffusion,lowess,cv
43,0.86,24.60319035864293,1,B2_cv,Jump-diffusion,lowess,cv
44,0.88,26.751950859109375,1,B2_cv,Jump-diffusion,lowess,cv
45,0.9,23.60165536132385,1,B2_cv,Jump-diffusion,lowess,cv
46,0.92,24.07420561866777,1,B2_cv,Jump-diffusion,lowess,cv
47,0.9400000000000001,24.683693524321836,1,B2_cv,Jump-diffusion,lowess,cv
48,0.96,28.8921432349074,1,B2_cv,Jump-diffusion,lowess,cv
49,0.98,26.18396091620796,1,B2_cv,Jump-diffusion,lowess,cv
1,0.02,,2,A1,GBM,polynomial,fixed
2,0.04,35.93274106577245,2,A1,GBM,polynomial,fixed
3,0.06,34.6235736880874,2,A1,GBM,polynomial,fixed
4,0.08,33.64615683696868,2,A1,GBM,polynomial,fixed
5,0.1,32.550050931850336,2,A1,GBM,polynomial,fixed
6,0.12,34.24933063471997,2,A1,GBM,polynomial,fixed
7,0.14,33.306302535769774,2,A1,GBM,polynomial,fixed
8,0.16,31.55784910912497,2,A1,GBM,polynomial,fixed
9,0.18,34.7913230543765,2,A1,GBM,polynomial,fixed
10,0.2,31.18658040675206,2,A1,GBM,polynomial,fixed
11,0.22,34.69986807724181,2,A1,GBM,polynomial,fixed
12,0.24,32.05060876168076,2,A1,GBM,polynomial,fixed
13,0.26,29.036460052156322,2,A1,GBM,polynomial,fixed
14,0.28,31.39516259737555,2,A1,GBM,polynomial,fixed
15,0.3,30.62101036518831,2,A1,GBM,polynomial,fixed
16,0.32,,2,A1,GBM,polynomial,fixed
17,0.34,28.194941255872532,2,A1,GBM,polynomial,fixed
18,0.36,28.273058859527723,2,A1,GBM,polynomial,fixed
19,0.38,29.777879468785603,2,A1,GBM,polynomial,fixed
20,0.4,,2,A1,GBM,polynomial,fixed
21,0.42,,2,A1,GBM,polynomial,fixed
22,0.44,,2,A1,GBM,polynomial,fixed
23,0.46,27.529082110805337,2,A1,GBM,polynomial,fixed
24,0.48,,2,A1,GBM,polynomial,fixed
25,0.5,,2,A1,GBM,polynomial,fixed
26,0.52,24.21213104596539,2,A1,GBM,polynomial,fixed
27,0.54,25.655687370588776,2,A1,GBM,polynomial,fixed
28,0.56,26.021742204970533,2,A1,GBM,polynomial,fixed
29,0.58,34.39278486605771,2,A1,GBM,polynomial,fixed
30,0.6,33.843051804447555,2,A1,GBM,polynomial,fixed
31,0.62,26.871923411667524,2,A1,GBM,polynomial,fixed
32,0.64,24.835755845848514,2,A1,GBM,polynomial,fixed
33,0.66,26.388477377829194,2,A1,GBM,polynomial,fixed
34,0.68,35.27696674368332,2,A1,GBM,polynomial,fixed
35,0.7000000000000001,27.102417976045842,2,A1,GBM,polynomial,fixed
36,0.72,26.17933789553578,2,A1,GBM,polynomial,fixed
37,0.74,27.50847266016688,2,A1,GBM,polynomial,fixed
38,0.76,35.30500997977873,2,A1,GBM,polynomial,fixed
39,0.78,23.830999738553835,2,A1,GBM,polynomial,fixed
40,0.8,27.594791248358007,2,A1,GBM,polynomial,fixed
41,0.8200000000000001,24.154851192870552,2,A1,GBM,polynomial,fixed
42,0.84,25.041240051367406,2,A1,GBM,polynomial,fixed
43,0.86,27.72119695363864,2,A1,GBM,polynomial,fixed
44,0.88,25.87490824788465,2,A1,GBM,polynomial,fixed
45,0.9,24.998849618816596,2,A1,GBM,polynomial,fixed
46,0.92,22.488192831990848,2,A1,GBM,polynomial,fixed
47,0.9400000000000001,25.999837798337246,2,A1,GBM,polynomial,fixed
48,0.96,27.186841952199558,2,A1,GBM,polynomial,fixed
49,0.98,28.729476052050046,2,A1,GBM,polynomial,fixed
1,0.02,23.680255364319777,2,A2,Jump-diffusion,polynomial,fixed
2,0.04,,2,A2,Jump-diffusion,polynomial,fixed
3,0.06,23.905843348619044,2,A2,Jump-diffusion,polynomial,fixed
4,0.08,24.055411162609833,2,A2,Jump-diffusion,polynomial,fixed
5,0.1,27.74413757553154,2,A2,Jump-diffusion,polynomial,fixed
6,0.12,26.611403070943272,2,A2,Jump-diffusion,polynomial,fixed
7,0.14,32.36922205093385,2,A2,Jump-diffusion,polynomial,fixed
8,0.16,26.31882025228385,2,A2,Jump-diffusion,polynomial,fixed
9,0.18,26.391885062257384,2,A2,Jump-diffusion,polynomial,fixed
10,0.2,29.91820349937974,2,A2,Jump-diffusion,polynomial,fixed
11,0.22,22.870849537214784,2,A2,Jump-diffusion,polynomial,fixed
12,0.24,23.376129442357033,2,A2,Jump-diffusion,polynomial,fixed
13,0.26,29.065496139120583,2,A2,Jump-diffusion,polynomial,fixed
14,0.28,32.124330438425886,2,A2,Jump-diffusion,polynomial,fixed
15,0.3,23.673235109042185,2,A2,Jump-diffusion,polynomial,fixed
16,0.32,32.80020957760436,2,A2,Jump-diffusion,polynomial,fixed
17,0.34,24.150290175638276,2,A2,Jump-diffusion,polynomial,fixed
18,0.36,29.515578755168384,2,A2,Jump-diffusion,polynomial,fixed
19,0.38,33.393361788180705,2,A2,Jump-diffusion,polynomial,fixed
20,0.4,22.724594810441427,2,A2,Jump-diffusion,polynomial,fixed
21,0.42,22.530134339378453,2,A2,Jump-diffusion,polynomial,fixed
22,0.44,25.824582200546658,2,A2,Jump-diffusion,polynomial,fixed
23,0.46,23.554665301950795,2,A2,Jump-diffusion,polynomial,fixed
24,0.48,22.130381703552576,2,A2,Jump-diffusion,polynomial,fixed
25,0.5,22.610070785820323,2,A2,Jump-diffusion,polynomial,fixed
26,0.52,25.28285632431977,2,A2,Jump-diffusion,polynomial,fixed
27,0.54,24.74019553105137,2,A2,Jump-diffusion,polynomial,fixed
28,0.56,24.302215383299266,2,A2,Jump-diffusion,polynomial,fixed
29,0.58,28.55067699824765,2,A2,Jump-diffusion,polynomial,fixed
30,0.6,35.1216854735986,2,A2,Jump-diffusion,polynomial,fixed
31,0.62,24.090210643933634,2,A2,Jump-diffusion,polynomial,fixed
32,0.64,23.590989268089245,2,A2,Jump-diffusion,polynomial,fixed
33,0.66,25.045570871697773,2,A2,Jump-diffusion,polynomial,fixed
34,0.68,25.313188701212468,2,A2,Jump-diffusion,polynomial,fixed
35,0.7000000000000001,23.798299117521882,2,A2,Jump-diffusion,polynomial,fixed
36,0.72,25.904428949569112,2,A2,Jump-diffusion,polynomial,fixed
37,0.74,25.764177265454048,2,A2,Jump-diffusion,polynomial,fixed
38,0.76,34.700210817254586,2,A2,Jump-diffusion,polynomial,fixed
39,0.78,21.099605074873082,2,A2,Jump-diffusion,polynomial,fixed
40,0.8,22.980809152870147,2,A2,Jump-diffusion,polynomial,fixed
41,0.8200000000000001,22.911017061434812,2,A2,Jump-diffusion,polynomial,fixed
42,0.84,22.765008988437717,2,A2,Jump-diffusion,polynomial,fixed
43,0.86,23.404737882200862,2,A2,Jump-diffusion,polynomial,fixed
44,0.88,24.839373833955317,2,A2,Jump-diffusion,polynomial,fixed
45,0.9,24.425233405477645,2,A2,Jump-diffusion,polynomial,fixed
46,0.92,26.19208974789075,2,A2,Jump-diffusion,polynomial,fixed
47,0.9400000000000001,25.50130738836711,2,A2,Jump-diffusion,polynomial,fixed
48,0.96,26.428532018416917,2,A2,Jump-diffusion,polynomial,fixed
49,0.98,27.657484967455723,2,A2,Jump-diffusion,polynomial,fixed
1,0.02,23.680255364319777,2,B2_fixed,Jump-diffusion,lowess,fixed
2,0.04,,2,B2_fixed,Jump-diffusion,lowess,fixed
3,0.06,,2,B2_fixed,Jump-diffusion,lowess,fixed
4,0.08,,2,B2_fixed,Jump-diffusion,lowess,fixed
5,0.1,27.74413757553154,2,B2_fixed,Jump-diffusion,lowess,fixed
6,0.12,32.927870117689594,2,B2_fixed,Jump-diffusion,lowess,fixed
7,0.14,26.994640192006436,2,B2_fixed,Jump-diffusion,lowess,fixed
8,0.16,33.55070394240559,2,B2_fixed,Jump-diffusion,lowess,fixed
9,0.18,24.311465063946677,2,B2_fixed,Jump-diffusion,lowess,fixed
10,0.2,34.308630869753756,2,B2_fixed,Jump-diffusion,lowess,fixed
11,0.22,31.632598471884624,2,B2_fixed,Jump-diffusion,lowess,fixed
12,0.24,27.42633567444538,2,B2_fixed,Jump-diffusion,lowess,fixed
13,0.26,34.6505469650111,2,B2_fixed,Jump-diffusion,lowess,fixed
14,0.28,30.247375268537738,2,B2_fixed,Jump-diffusion,lowess,fixed
15,0.3,31.036170505894354,2,B2_fixed,Jump-diffusion,lowess,fixed
16,0.32,33.31153011864972,2,B2_fixed,Jump-diffusion,lowess,fixed
17,0.34,32.56641578815383,2,B2_fixed,Jump-diffusion,lowess,fixed
18,0.36,32.67316848089162,2,B2_fixed,Jump-diffusion,lowess,fixed
19,0.38,31.512279622739538,2,B2_fixed,Jump-diffusion,lowess,fixed
20,0.4,,2,B2_fixed,Jump-diffusion,lowess,fixed
21,0.42,,2,B2_fixed,Jump-diffusion,lowess,fixed
22,0.44,27.342710142066284,2,B2_fixed,Jump-diffusion,lowess,fixed
23,0.46,23.554665301950795,2,B2_fixed,Jump-diffusion,lowess,fixed
24,0.48,35.11754050404387,2,B2_fixed,Jump-diffusion,lowess,fixed
25,0.5,22.610070785820323,2,B2_fixed,Jump-diffusion,lowess,fixed
26,0.52,30.92455558688907,2,B2_fixed,Jump-diffusion,lowess,fixed
27,0.54,33.39729587970205,2,B2_fixed,Jump-diffusion,lowess,fixed
28,0.56,29.69045658098927,2,B2_fixed,Jump-diffusion,lowess,fixed
29,0.58,27.667655650262645,2,B2_fixed,Jump-diffusion,lowess,fixed
30,0.6,23.606308237620848,2,B2_fixed,Jump-diffusion,lowess,fixed
31,0.62,27.916086260363432,2,B2_fixed,Jump-diffusion,lowess,fixed
32,0.64,29.857590561423965,2,B2_fixed,Jump-diffusion,lowess,fixed
33,0.66,27.3220054571438,2,B2_fixed,Jump-diffusion,lowess,fixed
34,0.68,26.642692862538265,2,B2_fixed,Jump-diffusion,lowess,fixed
35,0.7000000000000001,28.398634314963594,2,B2_fixed,Jump-diffusion,lowess,fixed
36,0.72,30.375556768337013,2,B2_fixed,Jump-diffusion,lowess,fixed
37,0.74,30.062260634330023,2,B2_fixed,Jump-diffusion,lowess,fixed
38,0.76,30.099034920401266,2,B2_fixed,Jump-diffusion,lowess,fixed
39,0.78,32.96950666530641,2,B2_fixed,Jump-diffusion,lowess,fixed
40,0.8,22.980809152870147,2,B2_fixed,Jump-diffusion,lowess,fixed
41,0.8200000000000001,30.300545659940806,2,B2_fixed,Jump-diffusion,lowess,fixed
42,0.84,29.2708233605385,2,B2_fixed,Jump-diffusion,lowess,fixed
43,0.86,28.56717535184259,2,B2_fixed,Jump-diffusion,lowess,fixed
44,0.88,25.08918406818124,2,B2_fixed,Jump-diffusion,lowess,fixed
45,0.9,22.992553201605823,2,B2_fixed,Jump-diffusion,lowess,fixed
46,0.92,28.048153699442683,2,B2_fixed,Jump-diffusion,lowess,fixed
47,0.9400000000000001,26.87286762878676,2,B2_fixed,Jump-diffusion,lowess,fixed
48,0.96,29.07478933103269,2,B2_fixed,Jump-diffusion,lowess,fixed
49,0.98,29.380002289054772,2,B2_fixed,Jump-diffusion,lowess,fixed
1,0.02,23.680255364319777,2,B2_cv,Jump-diffusion,lowess,cv
2,0.04,26.682050123405865,2,B2_cv,Jump-diffusion,lowess,cv
3,0.06,,2,B2_cv,Jump-diffusion,lowess,cv
4,0.08,,2,B2_cv,Jump-diffusion,lowess,cv
5,0.1,31.02223298527973,2,B2_cv,Jump-diffusion,lowess,cv
6,0.12,33.18924090814419,2,B2_cv,Jump-diffusion,lowess,cv
7,0.14,32.36922205093385,2,B2_cv,Jump-diffusion,lowess,cv
8,0.16,34.59409199680152,2,B2_cv,Jump-diffusion,lowess,cv
9,0.18,26.988878199529218,2,B2_cv,Jump-diffusion,lowess,cv
10,0.2,34.109074153907486,2,B2_cv,Jump-diffusion,lowess,cv
11,0.22,32.02881181815178,2,B2_cv,Jump-diffusion,lowess,cv
12,0.24,30.02655816897454,2,B2_cv,Jump-diffusion,lowess,cv
13,0.26,33.99053667797817,2,B2_cv,Jump-diffusion,lowess,cv
14,0.28,30.247375268537738,2,B2_cv,Jump-diffusion,lowess,cv
15,0.3,30.984876140887597,2,B2_cv,Jump-diffusion,lowess,cv
16,0.32,34.47848564543643,2,B2_cv,Jump-diffusion,lowess,cv
17,0.34,35.52931391916506,2,B2_cv,Jump-diffusion,lowess,cv
18,0.36,32.311831441432176,2,B2_cv,Jump-diffusion,lowess,cv
19,0.38,31.406294449590998,2,B2_cv,Jump-diffusion,lowess,cv
20,0.4,,2,B2_cv,Jump-diffusion,lowess,cv
21,0.42,,2,B2_cv,Jump-diffusion,lowess,cv
22,0.44,26.316306288178488,2,B2_cv,Jump-diffusion,lowess,cv
23,0.46,33.921759998457716,2,B2_cv,Jump-diffusion,lowess,cv
24,0.48,34.21770858281162,2,B2_cv,Jump-diffusion,lowess,cv
25,0.5,22.610070785820323,2,B2_cv,Jump-diffusion,lowess,cv
26,0.52,30.75690159323258,2,B2_cv,Jump-diffusion,lowess,cv
27,0.54,30.83627044517063,2,B2_cv,Jump-diffusion,lowess,cv
28,0.56,29.95824786971009,2,B2_cv,Jump-diffusion,lowess,cv
29,0.58,27.667655650262645,2,B2_cv,Jump-diffusion,lowess,cv
30,0.6,23.606308237620848,2,B2_cv,Jump-diffusion,lowess,cv
31,0.62,26.657305175077465,2,B2_cv,Jump-diffusion,lowess,cv
32,0.64,29.80290844406315,2,B2_cv,Jump-diffusion,lowess,cv
33,0.66,27.155198414923387,2,B2_cv,Jump-diffusion,lowess,cv
34,0.68,28.515435492340288,2,B2_cv,Jump-diffusion,lowess,cv
35,0.7000000000000001,27.654362923764204,2,B2_cv,Jump-diffusion,lowess,cv
36,0.72,24.730768836127694,2,B2_cv,Jump-diffusion,lowess,cv
37,0.74,29.513914333488394,2,B2_cv,Jump-diffusion,lowess,cv
38,0.76,29.413965501814253,2,B2_cv,Jump-diffusion,lowess,cv
39,0.78,27.820805875390977,2,B2_cv,Jump-diffusion,lowess,cv
40,0.8,23.993139350123332,2,B2_cv,Jump-diffusion,lowess,cv
41,0.8200000000000001,30.006075484137263,2,B2_cv,Jump-diffusion,lowess,cv
42,0.84,29.69867098760009,2,B2_cv,Jump-diffusion,lowess,cv
43,0.86,28.60186386379991,2,B2_cv,Jump-diffusion,lowess,cv
44,0.88,25.08918406818124,2,B2_cv,Jump-diffusion,lowess,cv
45,0.9,23.75682491845513,2,B2_cv,Jump-diffusion,lowess,cv
46,0.92,27.536315907105603,2,B2_cv,Jump-diffusion,lowess,cv
47,0.9400000000000001,27.362250728357985,2,B2_cv,Jump-diffusion,lowess,cv
48,0.96,29.07478933103269,2,B2_cv,Jump-diffusion,lowess,cv
49,0.98,29.380002289054772,2,B2_cv,Jump-diffusion,lowess,cv
1,0.02,35.76211526470462,3,A1,GBM,polynomial,fixed
2,0.04,,3,A1,GBM,polynomial,fixed
3,0.06,,3,A1,GBM,polynomial,fixed
4,0.08,,3,A1,GBM,polynomial,fixed
5,0.1,,3,A1,GBM,polynomial,fixed
6,0.12,32.79259525777934,3,A1,GBM,polynomial,fixed
7,0.14,34.633416573341,3,A1,GBM,polynomial,fixed
8,0.16,33.43973289166862,3,A1,GBM,polynomial,fixed
9,0.18,33.12369133639244,3,A1,GBM,polynomial,fixed
10,0.2,32.26652736544702,3,A1,GBM,polynomial,fixed
11,0.22,32.201171147416716,3,A1,GBM,polynomial,fixed
12,0.24,32.923188410480535,3,A1,GBM,polynomial,fixed
13,0.26,30.186895178601944,3,A1,GBM,polynomial,fixed
14,0.28,,3,A1,GBM,polynomial,fixed
15,0.3,29.363337758868127,3,A1,GBM,polynomial,fixed
16,0.32,29.639188959345887,3,A1,GBM,polynomial,fixed
17,0.34,29.926887283969332,3,A1,GBM,polynomial,fixed
18,0.36,,3,A1,GBM,polynomial,fixed
19,0.38,32.17609969790755,3,A1,GBM,polynomial,fixed
20,0.4,30.441259901827962,3,A1,GBM,polynomial,fixed
21,0.42,,3,A1,GBM,polynomial,fixed
22,0.44,30.769972355466077,3,A1,GBM,polynomial,fixed
23,0.46,32.06956082033184,3,A1,GBM,polynomial,fixed
24,0.48,29.539225520029998,3,A1,GBM,polynomial,fixed
25,0.5,30.77541137434845,3,A1,GBM,polynomial,fixed
26,0.52,30.126240943896036,3,A1,GBM,polynomial,fixed
27,0.54,29.52192044671404,3,A1,GBM,polynomial,fixed
28,0.56,29.469312910264183,3,A1,GBM,polynomial,fixed
29,0.58,30.9557720039299,3,A1,GBM,polynomial,fixed
30,0.6,24.668357954087295,3,A1,GBM,polynomial,fixed
31,0.62,22.168790295878935,3,A1,GBM,polynomial,fixed
32,0.64,26.264429339359936,3,A1,GBM,polynomial,fixed
33,0.66,23.079999488218093,3,A1,GBM,polynomial,fixed
34,0.68,20.858576289367647,3,A1,GBM,polynomial,fixed
35,0.7000000000000001,22.919883235718796,3,A1,GBM,polynomial,fixed
36,0.72,20.876577750781067,3,A1,GBM,polynomial,fixed
37,0.74,28.493333875916875,3,A1,GBM,polynomial,fixed
38,0.76,35.64699053105562,3,A1,GBM,polynomial,fixed
39,0.78,25.10654317371885,3,A1,GBM,polynomial,fixed
40,0.8,23.99716379170816,3,A1,GBM,polynomial,fixed
41,0.8200000000000001,26.393613301324656,3,A1,GBM,polynomial,fixed
42,0.84,36.24568935014683,3,A1,GBM,polynomial,fixed
43,0.86,26.323770916259118,3,A1,GBM,polynomial,fixed
44,0.88,36.88692767962793,3,A1,GBM,polynomial,fixed
45,0.9,23.389771134011728,3,A1,GBM,polynomial,fixed
46,0.92,30.049024220024574,3,A1,GBM,polynomial,fixed
47,0.9400000000000001,30.400643480360557,3,A1,GBM,polynomial,fixed
48,0.96,20.993813132219344,3,A1,GBM,polynomial,fixed
49,0.98,36.17540971120762,3,A1,GBM,polynomial,fixed
1,0.02,,3,A2,Jump-diffusion,polynomial,fixed
2,0.04,23.735927408096774,3,A2,Jump-diffusion,polynomial,fixed
3,0.06,22.903177071295204,3,A2,Jump-diffusion,polynomial,fixed
4,0.08,22.857673091147287,3,A2,Jump-diffusion,polynomial,fixed
5,0.1,22.449577174489445,3,A2,Jump-diffusion,polynomial,fixed
6,0.12,,3,A2,Jump-diffusion,polynomial,fixed
7,0.14,25.762479809427035,3,A2,Jump-diffusion,polynomial,fixed
8,0.16,,3,A2,Jump-diffusion,polynomial,fixed
9,0.18,22.141402102394725,3,A2,Jump-diffusion,polynomial,fixed
10,0.2,24.325641421905214,3,A2,Jump-diffusion,polynomial,fixed
11,0.22,21.76079160946054,3,A2,Jump-diffusion,polynomial,fixed
12,0.24,,3,A2,Jump-diffusion,polynomial,fixed
13,0.26,22.505389224193674,3,A2,Jump-diffusion,polynomial,fixed
14,0.28,22.180976171318754,3,A2,Jump-diffusion,polynomial,fixed
15,0.3,,3,A2,Jump-diffusion,polynomial,fixed
16,0.32,21.36614758832991,3,A2,Jump-diffusion,polynomial,fixed
17,0.34,21.534711768898813,3,A2,Jump-diffusion,polynomial,fixed
18,0.36,,3,A2,Jump-diffusion,polynomial,fixed
19,0.38,,3,A2,Jump-diffusion,polynomial,fixed
20,0.4,31.515024595617245,3,A2,Jump-diffusion,polynomial,fixed
21,0.42,20.85971318367743,3,A2,Jump-diffusion,polynomial,fixed
22,0.44,21.321593113178512,3,A2,Jump-diffusion,polynomial,fixed
23,0.46,22.08970877173472,3,A2,Jump-diffusion,polynomial,fixed
24,0.48,29.298634922588175,3,A2,Jump-diffusion,polynomial,fixed
25,0.5,30.6623265314794,3,A2,Jump-diffusion,polynomial,fixed
26,0.52,30.581468184630197,3,A2,Jump-diffusion,polynomial,fixed
27,0.54,29.583267432371656,3,A2,Jump-diffusion,polynomial,fixed
28,0.56,28.946138434582142,3,A2,Jump-diffusion,polynomial,fixed
29,0.58,21.217483994704327,3,A2,Jump-diffusion,polynomial,fixed
30,0.6,22.558327978181946,3,A2,Jump-diffusion,polynomial,fixed
31,0.62,22.22169025696075,3,A2,Jump-diffusion,polynomial,fixed
32,0.64,34.66078305827982,3,A2,Jump-diffusion,polynomial,fixed
33,0.66,21.87188275324638,3,A2,Jump-diffusion,polynomial,fixed
34,0.68,20.913172858047083,3,A2,Jump-diffusion,polynomial,fixed
35,0.7000000000000001,21.0101883466021,3,A2,Jump-diffusion,polynomial,fixed
36,0.72,20.934440222657418,3,A2,Jump-diffusion,polynomial,fixed
37,0.74,18.39248667768029,3,A2,Jump-diffusion,polynomial,fixed
38,0.76,23.664294880101473,3,A2,Jump-diffusion,polynomial,fixed
39,0.78,25.33650215973085,3,A2,Jump-diffusion,polynomial,fixed
40,0.8,21.98470994257698,3,A2,Jump-diffusion,polynomial,fixed
41,0.8200000000000001,24.94249991248545,3,A2,Jump-diffusion,polynomial,fixed
42,0.84,22.675267052299613,3,A2,Jump-diffusion,polynomial,fixed
43,0.86,23.856544802160144,3,A2,Jump-diffusion,polynomial,fixed
44,0.88,23.523835260960983,3,A2,Jump-diffusion,polynomial,fixed
45,0.9,35.83814145859088,3,A2,Jump-diffusion,polynomial,fixed
46,0.92,18.43438209613191,3,A2,Jump-diffusion,polynomial,fixed
47,0.9400000000000001,28.965095669751022,3,A2,Jump-diffusion,polynomial,fixed
48,0.96,19.71293160234862,3,A2,Jump-diffusion,polynomial,fixed
49,0.98,36.052236652341286,3,A2,Jump-diffusion,polynomial,fixed
1,0.02,,3,B2_fixed,Jump-diffusion,lowess,fixed
2,0.04,,3,B2_fixed,Jump-diffusion,lowess,fixed
3,0.06,,3,B2_fixed,Jump-diffusion,lowess,fixed
4,0.08,,3,B2_fixed,Jump-diffusion,lowess,fixed
5,0.1,22.449577174489445,3,B2_fixed,Jump-diffusion,lowess,fixed
6,0.12,,3,B2_fixed,Jump-diffusion,lowess,fixed
7,0.14,29.30507213576111,3,B2_fixed,Jump-diffusion,lowess,fixed
8,0.16,,3,B2_fixed,Jump-diffusion,lowess,fixed
9,0.18,,3,B2_fixed,Jump-diffusion,lowess,fixed
10,0.2,,3,B2_fixed,Jump-diffusion,lowess,fixed
11,0.22,32.26918296754202,3,B2_fixed,Jump-diffusion,lowess,fixed
12,0.24,34.59091049674122,3,B2_fixed,Jump-diffusion,lowess,fixed
13,0.26,,3,B2_fixed,Jump-diffusion,lowess,fixed
14,0.28,24.604946723406492,3,B2_fixed,Jump-diffusion,lowess,fixed
15,0.3,,3,B2_fixed,Jump-diffusion,lowess,fixed
16,0.32,29.675671700353966,3,B2_fixed,Jump-diffusion,lowess,fixed
17,0.34,,3,B2_fixed,Jump-diffusion,lowess,fixed
18,0.36,,3,B2_fixed,Jump-diffusion,lowess,fixed
19,0.38,,3,B2_fixed,Jump-diffusion,lowess,fixed
20,0.4,31.515024595617245,3,B2_fixed,Jump-diffusion,lowess,fixed
21,0.42,,3,B2_fixed,Jump-diffusion,lowess,fixed
22,0.44,30.82206197000383,3,B2_fixed,Jump-diffusion,lowess,fixed
23,0.46,,3,B2_fixed,Jump-diffusion,lowess,fixed
24,0.48,29.664040014448613,3,B2_fixed,Jump-diffusion,lowess,fixed
25,0.5,30.156302348154938,3,B2_fixed,Jump-diffusion,lowess,fixed
26,0.52,31.74051295429432,3,B2_fixed,Jump-diffusion,lowess,fixed
27,0.54,30.033500619767445,3,B2_fixed,Jump-diffusion,lowess,fixed
28,0.56,29.123364173038144,3,B2_fixed,Jump-diffusion,lowess,fixed
29,0.58,34.03656806170287,3,B2_fixed,Jump-diffusion,lowess,fixed
30,0.6,32.67006202187788,3,B2_fixed,Jump-diffusion,lowess,fixed
31,0.62,25.58505581827888,3,B2_fixed,Jump-diffusion,lowess,fixed
32,0.64,33.69613782248271,3,B2_fixed,Jump-diffusion,lowess,fixed
33,0.66,28.255404023350202,3,B2_fixed,Jump-diffusion,lowess,fixed
34,0.68,32.479227999672986,3,B2_fixed,Jump-diffusion,lowess,fixed
35,0.7000000000000001,32.8561590496119,3,B2_fixed,Jump-diffusion,lowess,fixed
36,0.72,28.85032700744424,3,B2_fixed,Jump-diffusion,lowess,fixed
37,0.74,28.84781998317721,3,B2_fixed,Jump-diffusion,lowess,fixed
38,0.76,31.38739985493382,3,B2_fixed,Jump-diffusion,lowess,fixed
39,0.78,31.54365318030598,3,B2_fixed,Jump-diffusion,lowess,fixed
40,0.8,18.16812643186085,3,B2_fixed,Jump-diffusion,lowess,fixed
41,0.8200000000000001,29.32726099257747,3,B2_fixed,Jump-diffusion,lowess,fixed
42,0.84,24.95058622032803,3,B2_fixed,Jump-diffusion,lowess,fixed
43,0.86,21.86350172808698,3,B2_fixed,Jump-diffusion,lowess,fixed
44,0.88,33.41290856837276,3,B2_fixed,Jump-diffusion,lowess,fixed
45,0.9,34.09107349081215,3,B2_fixed,Jump-diffusion,lowess,fixed
46,0.92,27.202575282606848,3,B2_fixed,Jump-diffusion,lowess,fixed
47,0.9400000000000001,30.785673746635247,3,B2_fixed,Jump-diffusion,lowess,fixed
48,0.96,30.93466403541394,3,B2_fixed,Jump-diffusion,lowess,fixed
49,0.98,34.80892574493686,3,B2_fixed,Jump-diffusion,lowess,fixed
1,0.02,,3,B2_cv,Jump-diffusion,lowess,cv
2,0.04,,3,B2_cv,Jump-diffusion,lowess,cv
3,0.06,,3,B2_cv,Jump-diffusion,lowess,cv
4,0.08,,3,B2_cv,Jump-diffusion,lowess,cv
5,0.1,22.449577174489445,3,B2_cv,Jump-diffusion,lowess,cv
6,0.12,,3,B2_cv,Jump-diffusion,lowess,cv
7,0.14,,3,B2_cv,Jump-diffusion,lowess,cv
8,0.16,,3,B2_cv,Jump-diffusion,lowess,cv
9,0.18,,3,B2_cv,Jump-diffusion,lowess,cv
10,0.2,,3,B2_cv,Jump-diffusion,lowess,cv
11,0.22,27.818390885487513,3,B2_cv,Jump-diffusion,lowess,cv
12,0.24,34.79197295667347,3,B2_cv,Jump-diffusion,lowess,cv
13,0.26,24.827105333118688,3,B2_cv,Jump-diffusion,lowess,cv
14,0.28,24.604946723406492,3,B2_cv,Jump-diffusion,lowess,cv
15,0.3,,3,B2_cv,Jump-diffusion,lowess,cv
16,0.32,,3,B2_cv,Jump-diffusion,lowess,cv
17,0.34,,3,B2_cv,Jump-diffusion,lowess,cv
18,0.36,,3,B2_cv,Jump-diffusion,lowess,cv
19,0.38,,3,B2_cv,Jump-diffusion,lowess,cv
20,0.4,31.806600307389644,3,B2_cv,Jump-diffusion,lowess,cv
21,0.42,,3,B2_cv,Jump-diffusion,lowess,cv
22,0.44,31.08061751081563,3,B2_cv,Jump-diffusion,lowess,cv
23,0.46,,3,B2_cv,Jump-diffusion,lowess,cv
24,0.48,30.11356783571311,3,B2_cv,Jump-diffusion,lowess,cv
25,0.5,30.31474867726012,3,B2_cv,Jump-diffusion,lowess,cv
26,0.52,31.773592122472664,3,B2_cv,Jump-diffusion,lowess,cv
27,0.54,30.074541211578833,3,B2_cv,Jump-diffusion,lowess,cv
28,0.56,29.20911697619852,3,B2_cv,Jump-diffusion,lowess,cv
29,0.58,,3,B2_cv,Jump-diffusion,lowess,cv
30,0.6,,3,B2_cv,Jump-diffusion,lowess,cv
31,0.62,25.418176528197346,3,B2_cv,Jump-diffusion,lowess,cv
32,0.64,32.528360620565955,3,B2_cv,Jump-diffusion,lowess,cv
33,0.66,,3,B2_cv,Jump-diffusion,lowess,cv
34,0.68,34.46519308926759,3,B2_cv,Jump-diffusion,lowess,cv
35,0.7000000000000001,,3,B2_cv,Jump-diffusion,lowess,cv
36,0.72,30.563592165270755,3,B2_cv,Jump-diffusion,lowess,cv
37,0.74,33.88636203370465,3,B2_cv,Jump-diffusion,lowess,cv
38,0.76,28.628720027469313,3,B2_cv,Jump-diffusion,lowess,cv
39,0.78,29.537328157916868,3,B2_cv,Jump-diffusion,lowess,cv
40,0.8,18.16812643186085,3,B2_cv,Jump-diffusion,lowess,cv
41,0.8200000000000001,29.32726099257747,3,B2_cv,Jump-diffusion,lowess,cv
42,0.84,25.997419658749326,3,B2_cv,Jump-diffusion,lowess,cv
43,0.86,21.40451813326782,3,B2_cv,Jump-diffusion,lowess,cv
44,0.88,28.7448485223432,3,B2_cv,Jump-diffusion,lowess,cv
45,0.9,33.99162587747908,3,B2_cv,Jump-diffusion,lowess,cv
46,0.92,27.202575282606848,3,B2_cv,Jump-diffusion,lowess,cv
47,0.9400000000000001,30.785673746635247,3,B2_cv,Jump-diffusion,lowess,cv
48,0.96,30.93466403541394,3,B2_cv,Jump-diffusion,lowess,cv
49,0.98,34.80892574493686,3,B2_cv,Jump-diffusion,lowess,cv
1,0.02,,4,A1,GBM,polynomial,fixed
2,0.04,,4,A1,GBM,polynomial,fixed
3,0.06,,4,A1,GBM,polynomial,fixed
4,0.08,33.764728448618655,4,A1,GBM,polynomial,fixed
5,0.1,33.68801451369095,4,A1,GBM,polynomial,fixed
6,0.12,32.54599138100497,4,A1,GBM,polynomial,fixed
7,0.14,,4,A1,GBM,polynomial,fixed
8,0.16,32.31213533858341,4,A1,GBM,polynomial,fixed
9,0.18,,4,A1,GBM,polynomial,fixed
10,0.2,30.746918271789013,4,A1,GBM,polynomial,fixed
11,0.22,32.48154013409549,4,A1,GBM,polynomial,fixed
12,0.24,29.394958770421063,4,A1,GBM,polynomial,fixed
13,0.26,28.322796535000418,4,A1,GBM,polynomial,fixed
14,0.28,,4,A1,GBM,polynomial,fixed
15,0.3,,4,A1,GBM,polynomial,fixed
16,0.32,,4,A1,GBM,polynomial,fixed
17,0.34,29.989347137268467,4,A1,GBM,polynomial,fixed
18,0.36,29.47676209318855,4,A1,GBM,polynomial,fixed
19,0.38,28.834016260086603,4,A1,GBM,polynomial,fixed
20,0.4,31.400406086202384,4,A1,GBM,polynomial,fixed
21,0.42,30.767283782285702,4,A1,GBM,polynomial,fixed
22,0.44,23.738764325002567,4,A1,GBM,polynomial,fixed
23,0.46,26.30130290513152,4,A1,GBM,polynomial,fixed
24,0.48,31.723090609654633,4,A1,GBM,polynomial,fixed
25,0.5,31.836456141915317,4,A1,GBM,polynomial,fixed
26,0.52,27.667171025529175,4,A1,GBM,polynomial,fixed
27,0.54,26.15035590350376,4,A1,GBM,polynomial,fixed
28,0.56,27.69581791245643,4,A1,GBM,polynomial,fixed
29,0.58,27.392606571627596,4,A1,GBM,polynomial,fixed
30,0.6,27.9288639413715,4,A1,GBM,polynomial,fixed
31,0.62,28.766661692581692,4,A1,GBM,polynomial,fixed
32,0.64,28.999050219007486,4,A1,GBM,polynomial,fixed
33,0.66,28.98408907191878,4,A1,GBM,polynomial,fixed
34,0.68,27.18692910825341,4,A1,GBM,polynomial,fixed
35,0.7000000000000001,27.67627495143441,4,A1,GBM,polynomial,fixed
36,0.72,27.9677814792427,4,A1,GBM,polynomial,fixed
37,0.74,27.10133346959186,4,A1,GBM,polynomial,fixed
38,0.76,30.41337630344597,4,A1,GBM,polynomial,fixed
39,0.78,30.11954776711273,4,A1,GBM,polynomial,fixed
40,0.8,30.50845458087059,4,A1,GBM,polynomial,fixed
41,0.8200000000000001,20.739053408898815,4,A1,GBM,polynomial,fixed
42,0.84,21.203019690537275,4,A1,GBM,polynomial,fixed
43,0.86,21.358851677232746,4,A1,GBM,polynomial,fixed
44,0.88,23.551740804081607,4,A1,GBM,polynomial,fixed
45,0.9,24.642777084678155,4,A1,GBM,polynomial,fixed
46,0.92,34.64763010439988,4,A1,GBM,polynomial,fixed
47,0.9400000000000001,24.718589450924203,4,A1,GBM,polynomial,fixed
48,0.96,23.933572844083425,4,A1,GBM,polynomial,fixed
49,0.98,23.356682403949925,4,A1,GBM,polynomial,fixed
1,0.02,36.46469105196992,4,A2,Jump-diffusion,polynomial,fixed
2,0.04,31.84563140209399,4,A2,Jump-diffusion,polynomial,fixed
3,0.06,31.95586007926373,4,A2,Jump-diffusion,polynomial,fixed
4,0.08,24.131436363979688,4,A2,Jump-diffusion,polynomial,fixed
5,0.1,,4,A2,Jump-diffusion,polynomial,fixed
6,0.12,,4,A2,Jump-diffusion,polynomial,fixed
7,0.14,,4,A2,Jump-diffusion,polynomial,fixed
8,0.16,,4,A2,Jump-diffusion,polynomial,fixed
9,0.18,,4,A2,Jump-diffusion,polynomial,fixed
10,0.2,,4,A2,Jump-diffusion,polynomial,fixed
11,0.22,26.406076491437645,4,A2,Jump-diffusion,polynomial,fixed
12,0.24,25.957719260195205,4,A2,Jump-diffusion,polynomial,fixed
13,0.26,27.403975285095665,4,A2,Jump-diffusion,polynomial,fixed
14,0.28,29.75154912144897,4,A2,Jump-diffusion,polynomial,fixed
15,0.3,28.403253145295423,4,A2,Jump-diffusion,polynomial,fixed
16,0.32,28.8993607799425,4,A2,Jump-diffusion,polynomial,fixed
17,0.34,28.70018654816424,4,A2,Jump-diffusion,polynomial,fixed
18,0.36,27.840068097700662,4,A2,Jump-diffusion,polynomial,fixed
19,0.38,29.76608519102098,4,A2,Jump-diffusion,polynomial,fixed
20,0.4,31.81443196797494,4,A2,Jump-diffusion,polynomial,fixed
21,0.42,26.948394711832194,4,A2,Jump-diffusion,polynomial,fixed
22,0.44,23.973161786473206,4,A2,Jump-diffusion,polynomial,fixed
23,0.46,25.127189071441446,4,A2,Jump-diffusion,polynomial,fixed
24,0.48,20.569222836350317,4,A2,Jump-diffusion,polynomial,fixed
25,0.5,33.3604756912017,4,A2,Jump-diffusion,polynomial,fixed
26,0.52,21.696525703016654,4,A2,Jump-diffusion,polynomial,fixed
27,0.54,25.40901474301481,4,A2,Jump-diffusion,polynomial,fixed
28,0.56,26.766795632917766,4,A2,Jump-diffusion,polynomial,fixed
29,0.58,27.14359643942029,4,A2,Jump-diffusion,polynomial,fixed
30,0.6,26.596325875567832,4,A2,Jump-diffusion,polynomial,fixed
31,0.62,27.428778153291365,4,A2,Jump-diffusion,polynomial,fixed
32,0.64,29.538910311839995,4,A2,Jump-diffusion,polynomial,fixed
33,0.66,19.42492708497235,4,A2,Jump-diffusion,polynomial,fixed
34,0.68,29.28961917686084,4,A2,Jump-diffusion,polynomial,fixed
35,0.7000000000000001,25.714626987931638,4,A2,Jump-diffusion,polynomial,fixed
36,0.72,27.285477509543465,4,A2,Jump-diffusion,polynomial,fixed
37,0.74,26.48406856289552,4,A2,Jump-diffusion,polynomial,fixed
38,0.76,27.415355258188477,4,A2,Jump-diffusion,polynomial,fixed
39,0.78,28.168857742135742,4,A2,Jump-diffusion,polynomial,fixed
40,0.8,30.215419357387418,4,A2,Jump-diffusion,polynomial,fixed
41,0.8200000000000001,29.25036404288472,4,A2,Jump-diffusion,polynomial,fixed
42,0.84,20.897059265442625,4,A2,Jump-diffusion,polynomial,fixed
43,0.86,21.429580829818473,4,A2,Jump-diffusion,polynomial,fixed
44,0.88,22.512375032445124,4,A2,Jump-diffusion,polynomial,fixed
45,0.9,22.75066028697439,4,A2,Jump-diffusion,polynomial,fixed
46,0.92,20.675498330142904,4,A2,Jump-diffusion,polynomial,fixed
47,0.9400000000000001,27.35074298236419,4,A2,Jump-diffusion,polynomial,fixed
48,0.96,25.11044513852955,4,A2,Jump-diffusion,polynomial,fixed
49,0.98,23.696211220105482,4,A2,Jump-diffusion,polynomial,fixed
1,0.02,35.87958764391046,4,B2_fixed,Jump-diffusion,lowess,fixed
2,0.04,32.991224932495165,4,B2_fixed,Jump-diffusion,lowess,fixed
3,0.06,31.95586007926373,4,B2_fixed,Jump-diffusion,lowess,fixed
4,0.08,24.131436363979688,4,B2_fixed,Jump-diffusion,lowess,fixed
5,0.1,30.418126994328542,4,B2_fixed,Jump-diffusion,lowess,fixed
6,0.12,,4,B2_fixed,Jump-diffusion,lowess,fixed
7,0.14,,4,B2_fixed,Jump-diffusion,lowess,fixed
8,0.16,,4,B2_fixed,Jump-diffusion,lowess,fixed
9,0.18,,4,B2_fixed,Jump-diffusion,lowess,fixed
10,0.2,,4,B2_fixed,Jump-diffusion,lowess,fixed
11,0.22,32.66549594800436,4,B2_fixed,Jump-diffusion,lowess,fixed
12,0.24,31.94903012976231,4,B2_fixed,Jump-diffusion,lowess,fixed
13,0.26,31.974627505623857,4,B2_fixed,Jump-diffusion,lowess,fixed
14,0.28,31.095381613424827,4,B2_fixed,Jump-diffusion,lowess,fixed
15,0.3,30.959319151054228,4,B2_fixed,Jump-diffusion,lowess,fixed
16,0.32,30.94418941340455,4,B2_fixed,Jump-diffusion,lowess,fixed
17,0.34,28.70018654816424,4,B2_fixed,Jump-diffusion,lowess,fixed
18,0.36,24.562053937900735,4,B2_fixed,Jump-diffusion,lowess,fixed
19,0.38,28.581280779929713,4,B2_fixed,Jump-diffusion,lowess,fixed
20,0.4,30.823831939556356,4,B2_fixed,Jump-diffusion,lowess,fixed
21,0.42,31.553555759300206,4,B2_fixed,Jump-diffusion,lowess,fixed
22,0.44,31.466274031134997,4,B2_fixed,Jump-diffusion,lowess,fixed
23,0.46,32.47088101640216,4,B2_fixed,Jump-diffusion,lowess,fixed
24,0.48,,4,B2_fixed,Jump-diffusion,lowess,fixed
25,0.5,31.117361353643563,4,B2_fixed,Jump-diffusion,lowess,fixed
26,0.52,29.55289474118402,4,B2_fixed,Jump-diffusion,lowess,fixed
27,0.54,32.324145738901564,4,B2_fixed,Jump-diffusion,lowess,fixed
28,0.56,31.592827402029645,4,B2_fixed,Jump-diffusion,lowess,fixed
29,0.58,25.757186977411855,4,B2_fixed,Jump-diffusion,lowess,fixed
30,0.6,28.633571446222547,4,B2_fixed,Jump-diffusion,lowess,fixed
31,0.62,,4,B2_fixed,Jump-diffusion,lowess,fixed
32,0.64,29.47038728637238,4,B2_fixed,Jump-diffusion,lowess,fixed
33,0.66,28.64493214263229,4,B2_fixed,Jump-diffusion,lowess,fixed
34,0.68,27.258089911447748,4,B2_fixed,Jump-diffusion,lowess,fixed
35,0.7000000000000001,27.404817132821886,4,B2_fixed,Jump-diffusion,lowess,fixed
36,0.72,26.314586633679724,4,B2_fixed,Jump-diffusion,lowess,fixed
37,0.74,27.83214384944706,4,B2_fixed,Jump-diffusion,lowess,fixed
38,0.76,28.09957760904093,4,B2_fixed,Jump-diffusion,lowess,fixed
39,0.78,25.847283020258732,4,B2_fixed,Jump-diffusion,lowess,fixed
40,0.8,28.92432452406589,4,B2_fixed,Jump-diffusion,lowess,fixed
41,0.8200000000000001,28.342584336805672,4,B2_fixed,Jump-diffusion,lowess,fixed
42,0.84,33.60716444814633,4,B2_fixed,Jump-diffusion,lowess,fixed
43,0.86,23.684307609600953,4,B2_fixed,Jump-diffusion,lowess,fixed
44,0.88,22.739965856451875,4,B2_fixed,Jump-diffusion,lowess,fixed
45,0.9,28.959739573454538,4,B2_fixed,Jump-diffusion,lowess,fixed
46,0.92,26.899097802360863,4,B2_fixed,Jump-diffusion,lowess,fixed
47,0.9400000000000001,35.95269194492857,4,B2_fixed,Jump-diffusion,lowess,fixed
48,0.96,26.206541748368963,4,B2_fixed,Jump-diffusion,lowess,fixed
49,0.98,23.444839964526683,4,B2_fixed,Jump-diffusion,lowess,fixed
1,0.02,35.87958764391046,4,B2_cv,Jump-diffusion,lowess,cv
2,0.04,32.991224932495165,4,B2_cv,Jump-diffusion,lowess,cv
3,0.06,31.95586007926373,4,B2_cv,Jump-diffusion,lowess,cv
4,0.08,24.131436363979688,4,B2_cv,Jump-diffusion,lowess,cv
5,0.1,25.72537063751806,4,B2_cv,Jump-diffusion,lowess,cv
6,0.12,26.02690628229768,4,B2_cv,Jump-diffusion,lowess,cv
7,0.14,26.50411196219259,4,B2_cv,Jump-diffusion,lowess,cv
8,0.16,,4,B2_cv,Jump-diffusion,lowess,cv
9,0.18,,4,B2_cv,Jump-diffusion,lowess,cv
10,0.2,,4,B2_cv,Jump-diffusion,lowess,cv
11,0.22,32.43589700991724,4,B2_cv,Jump-diffusion,lowess,cv
12,0.24,30.260972232341302,4,B2_cv,Jump-diffusion,lowess,cv
13,0.26,28.351118967617335,4,B2_cv,Jump-diffusion,lowess,cv
14,0.28,31.459188731930475,4,B2_cv,Jump-diffusion,lowess,cv
15,0.3,29.82288450125033,4,B2_cv,Jump-diffusion,lowess,cv
16,0.32,30.59446306918191,4,B2_cv,Jump-diffusion,lowess,cv
17,0.34,29.19825969710511,4,B2_cv,Jump-diffusion,lowess,cv
18,0.36,24.562053937900735,4,B2_cv,Jump-diffusion,lowess,cv
19,0.38,27.72831193360447,4,B2_cv,Jump-diffusion,lowess,cv
20,0.4,29.835063752547665,4,B2_cv,Jump-diffusion,lowess,cv
21,0.42,30.986274278542542,4,B2_cv,Jump-diffusion,lowess,cv
22,0.44,31.595552751787938,4,B2_cv,Jump-diffusion,lowess,cv
23,0.46,32.36199212990923,4,B2_cv,Jump-diffusion,lowess,cv
24,0.48,29.940652559503008,4,B2_cv,Jump-diffusion,lowess,cv
25,0.5,31.454310529460383,4,B2_cv,Jump-diffusion,lowess,cv
26,0.52,29.264993216762726,4,B2_cv,Jump-diffusion,lowess,cv
27,0.54,32.575747032062345,4,B2_cv,Jump-diffusion,lowess,cv
28,0.56,31.870030952355382,4,B2_cv,Jump-diffusion,lowess,cv
29,0.58,29.878125644859193,4,B2_cv,Jump-diffusion,lowess,cv
30,0.6,30.707350626768513,4,B2_cv,Jump-diffusion,lowess,cv
31,0.62,30.36721380482354,4,B2_cv,Jump-diffusion,lowess,cv
32,0.64,31.720695706804346,4,B2_cv,Jump-diffusion,lowess,cv
33,0.66,24.365977801820133,4,B2_cv,Jump-diffusion,lowess,cv
34,0.68,32.35650996762902,4,B2_cv,Jump-diffusion,lowess,cv
35,0.7000000000000001,23.38570646079789,4,B2_cv,Jump-diffusion,lowess,cv
36,0.72,27.252884225726515,4,B2_cv,Jump-diffusion,lowess,cv
37,0.74,27.708935523640385,4,B2_cv,Jump-diffusion,lowess,cv
38,0.76,28.003709579151817,4,B2_cv,Jump-diffusion,lowess,cv
39,0.78,26.69006301726506,4,B2_cv,Jump-diffusion,lowess,cv
40,0.8,30.215419357387418,4,B2_cv,Jump-diffusion,lowess,cv
41,0.8200000000000001,29.79624477691629,4,B2_cv,Jump-diffusion,lowess,cv
42,0.84,30.906113351554538,4,B2_cv,Jump-diffusion,lowess,cv
43,0.86,27.252448038654297,4,B2_cv,Jump-diffusion,lowess,cv
44,0.88,23.631548448651937,4,B2_cv,Jump-diffusion,lowess,cv
45,0.9,28.959739573454538,4,B2_cv,Jump-diffusion,lowess,cv
46,0.92,26.899097802360863,4,B2_cv,Jump-diffusion,lowess,cv
47,0.9400000000000001,35.95269194492857,4,B2_cv,Jump-diffusion,lowess,cv
48,0.96,26.206541748368963,4,B2_cv,Jump-diffusion,lowess,cv
49,0.98,23.444839964526683,4,B2_cv,Jump-diffusion,lowess,cv
1,0.02,,5,A1,GBM,polynomial,fixed
2,0.04,,5,A1,GBM,polynomial,fixed
3,0.06,35.30929095231451,5,A1,GBM,polynomial,fixed
4,0.08,32.768421674544015,5,A1,GBM,polynomial,fixed
5,0.1,34.91171494697385,5,A1,GBM,polynomial,fixed
6,0.12,33.62243462056739,5,A1,GBM,polynomial,fixed
7,0.14,33.92384517511239,5,A1,GBM,polynomial,fixed
8,0.16,34.095957628725216,5,A1,GBM,polynomial,fixed
9,0.18,,5,A1,GBM,polynomial,fixed
10,0.2,34.344172106078624,5,A1,GBM,polynomial,fixed
11,0.22,31.594279385572218,5,A1,GBM,polynomial,fixed
12,0.24,34.3043400809414,5,A1,GBM,polynomial,fixed
13,0.26,32.83888940570293,5,A1,GBM,polynomial,fixed
14,0.28,,5,A1,GBM,polynomial,fixed
15,0.3,31.207601522580827,5,A1,GBM,polynomial,fixed
16,0.32,32.156413727623516,5,A1,GBM,polynomial,fixed
17,0.34,27.21684099053887,5,A1,GBM,polynomial,fixed
18,0.36,,5,A1,GBM,polynomial,fixed
19,0.38,,5,A1,GBM,polynomial,fixed
20,0.4,29.448013502545667,5,A1,GBM,polynomial,fixed
21,0.42,29.270349375390605,5,A1,GBM,polynomial,fixed
22,0.44,30.209162737210786,5,A1,GBM,polynomial,fixed
23,0.46,34.00453599134779,5,A1,GBM,polynomial,fixed
24,0.48,33.68125833158857,5,A1,GBM,polynomial,fixed
25,0.5,30.45900153576479,5,A1,GBM,polynomial,fixed
26,0.52,30.621125521577326,5,A1,GBM,polynomial,fixed
27,0.54,25.01942177971356,5,A1,GBM,polynomial,fixed
28,0.56,30.19072292022039,5,A1,GBM,polynomial,fixed
29,0.58,29.188891623324785,5,A1,GBM,polynomial,fixed
30,0.6,30.939887750628586,5,A1,GBM,polynomial,fixed
31,0.62,32.769966733493526,5,A1,GBM,polynomial,fixed
32,0.64,29.36919159511214,5,A1,GBM,polynomial,fixed
33,0.66,28.39972469548042,5,A1,GBM,polynomial,fixed
34,0.68,30.506667364992364,5,A1,GBM,polynomial,fixed
35,0.7000000000000001,30.484921405910598,5,A1,GBM,polynomial,fixed
36,0.72,29.950196352618626,5,A1,GBM,polynomial,fixed
37,0.74,30.817715193091633,5,A1,GBM,polynomial,fixed
38,0.76,28.95469402096106,5,A1,GBM,polynomial,fixed
39,0.78,24.123142926124906,5,A1,GBM,polynomial,fixed
40,0.8,20.130309009910633,5,A1,GBM,polynomial,fixed
41,0.8200000000000001,19.39935663467974,5,A1,GBM,polynomial,fixed
42,0.84,24.262301930513047,5,A1,GBM,polynomial,fixed
43,0.86,23.039074360752455,5,A1,GBM,polynomial,fixed
44,0.88,20.319745889927027,5,A1,GBM,polynomial,fixed
45,0.9,23.357359688779436,5,A1,GBM,polynomial,fixed
46,0.92,24.450585192984303,5,A1,GBM,polynomial,fixed
47,0.9400000000000001,22.822282000820525,5,A1,GBM,polynomial,fixed
48,0.96,23.96230933314549,5,A1,GBM,polynomial,fixed
49,0.98,36.56312409075535,5,A1,GBM,polynomial,fixed
1,0.02,,5,A2,Jump-diffusion,polynomial,fixed
2,0.04,29.1651474232714,5,A2,Jump-diffusion,polynomial,fixed
3,0.06,23.139610187927566,5,A2,Jump-diffusion,polynomial,fixed
4,0.08,25.749815453277293,5,A2,Jump-diffusion,polynomial,fixed
5,0.1,26.899797627894838,5,A2,Jump-diffusion,polynomial,fixed
6,0.12,30.083912087230612,5,A2,Jump-diffusion,polynomial,fixed
7,0.14,28.60826565268037,5,A2,Jump-diffusion,polynomial,fixed
8,0.16,25.56258661426419,5,A2,Jump-diffusion,polynomial,fixed
9,0.18,28.01641783521034,5,A2,Jump-diffusion,polynomial,fixed
10,0.2,25.589673046910573,5,A2,Jump-diffusion,polynomial,fixed
11,0.22,28.42131764011371,5,A2,Jump-diffusion,polynomial,fixed
12,0.24,30.676099554544177,5,A2,Jump-diffusion,polynomial,fixed
13,0.26,,5,A2,Jump-diffusion,polynomial,fixed
14,0.28,,5,A2,Jump-diffusion,polynomial,fixed
15,0.3,31.50660840556585,5,A2,Jump-diffusion,polynomial,fixed
16,0.32,,5,A2,Jump-diffusion,polynomial,fixed
17,0.34,,5,A2,Jump-diffusion,polynomial,fixed
18,0.36,22.61111356008848,5,A2,Jump-diffusion,polynomial,fixed
19,0.38,32.468458571392325,5,A2,Jump-diffusion,polynomial,fixed
20,0.4,26.317294458738886,5,A2,Jump-diffusion,polynomial,fixed
21,0.42,29.31764618626118,5,A2,Jump-diffusion,polynomial,fixed
22,0.44,30.696352044167938,5,A2,Jump-diffusion,polynomial,fixed
23,0.46,34.59686328461531,5,A2,Jump-diffusion,polynomial,fixed
24,0.48,34.46923294540667,5,A2,Jump-diffusion,polynomial,fixed
25,0.5,27.695494622013815,5,A2,Jump-diffusion,polynomial,fixed
26,0.52,23.553666493291786,5,A2,Jump-diffusion,polynomial,fixed
27,0.54,20.624958750956356,5,A2,Jump-diffusion,polynomial,fixed
28,0.56,19.39160090547608,5,A2,Jump-diffusion,polynomial,fixed
29,0.58,19.762884338771464,5,A2,Jump-diffusion,polynomial,fixed
30,0.6,22.69765331682314,5,A2,Jump-diffusion,polynomial,fixed
31,0.62,20.741316196032145,5,A2,Jump-diffusion,polynomial,fixed
32,0.64,33.83054639590778,5,A2,Jump-diffusion,polynomial,fixed
33,0.66,21.67046040678818,5,A2,Jump-diffusion,polynomial,fixed
34,0.68,21.718918067523532,5,A2,Jump-diffusion,polynomial,fixed
35,0.7000000000000001,30.151453096203205,5,A2,Jump-diffusion,polynomial,fixed
36,0.72,29.04648630743812,5,A2,Jump-diffusion,polynomial,fixed
37,0.74,30.43777473598622,5,A2,Jump-diffusion,polynomial,fixed
38,0.76,29.799444270504424,5,A2,Jump-diffusion,polynomial,fixed
39,0.78,20.095029524655867,5,A2,Jump-diffusion,polynomial,fixed
40,0.8,29.81353844352639,5,A2,Jump-diffusion,polynomial,fixed
41,0.8200000000000001,20.41312719724656,5,A2,Jump-diffusion,polynomial,fixed
42,0.84,19.42583020487195,5,A2,Jump-diffusion,polynomial,fixed
43,0.86,29.53904938158782,5,A2,Jump-diffusion,polynomial,fixed
44,0.88,29.746708168218746,5,A2,Jump-diffusion,polynomial,fixed
45,0.9,22.31710149234956,5,A2,Jump-diffusion,polynomial,fixed
46,0.92,25.77587616517478,5,A2,Jump-diffusion,polynomial,fixed
47,0.9400000000000001,35.905699126992346,5,A2,Jump-diffusion,polynomial,fixed
48,0.96,22.201283280403793,5,A2,Jump-diffusion,polynomial,fixed
49,0.98,18.799938544936882,5,A2,Jump-diffusion,polynomial,fixed
1,0.02,,5,B2_fixed,Jump-diffusion,lowess,fixed
2,0.04,32.16185654580823,5,B2_fixed,Jump-diffusion,lowess,fixed
3,0.06,30.84914385276151,5,B2_fixed,Jump-diffusion,lowess,fixed
4,0.08,29.806369738315492,5,B2_fixed,Jump-diffusion,lowess,fixed
5,0.1,30.823432399033624,5,B2_fixed,Jump-diffusion,lowess,fixed
6,0.12,30.083912087230612,5,B2_fixed,Jump-diffusion,lowess,fixed
7,0.14,28.60826565268037,5,B2_fixed,Jump-diffusion,lowess,fixed
8,0.16,25.56258661426419,5,B2_fixed,Jump-diffusion,lowess,fixed
9,0.18,28.01641783521034,5,B2_fixed,Jump-diffusion,lowess,fixed
10,0.2,,5,B2_fixed,Jump-diffusion,lowess,fixed
11,0.22,,5,B2_fixed,Jump-diffusion,lowess,fixed
12,0.24,34.194689533702636,5,B2_fixed,Jump-diffusion,lowess,fixed
13,0.26,,5,B2_fixed,Jump-diffusion,lowess,fixed
14,0.28,,5,B2_fixed,Jump-diffusion,lowess,fixed
15,0.3,35.10332089245823,5,B2_fixed,Jump-diffusion,lowess,fixed
16,0.32,29.387812938956245,5,B2_fixed,Jump-diffusion,lowess,fixed
17,0.34,,5,B2_fixed,Jump-diffusion,lowess,fixed
18,0.36,,5,B2_fixed,Jump-diffusion,lowess,fixed
19,0.38,32.38893360636151,5,B2_fixed,Jump-diffusion,lowess,fixed
20,0.4,26.317294458738886,5,B2_fixed,Jump-diffusion,lowess,fixed
21,0.42,32.86780768483958,5,B2_fixed,Jump-diffusion,lowess,fixed
22,0.44,28.38915069057621,5,B2_fixed,Jump-diffusion,lowess,fixed
23,0.46,34.411636331718086,5,B2_fixed,Jump-diffusion,lowess,fixed
24,0.48,28.264834023752194,5,B2_fixed,Jump-diffusion,lowess,fixed
25,0.5,25.481566537605975,5,B2_fixed,Jump-diffusion,lowess,fixed
26,0.52,30.331039335848565,5,B2_fixed,Jump-diffusion,lowess,fixed
27,0.54,29.9033703748801,5,B2_fixed,Jump-diffusion,lowess,fixed
28,0.56,29.71522667770404,5,B2_fixed,Jump-diffusion,lowess,fixed
29,0.58,27.532517644462473,5,B2_fixed,Jump-diffusion,lowess,fixed
30,0.6,29.483141097621626,5,B2_fixed,Jump-diffusion,lowess,fixed
31,0.62,,5,B2_fixed,Jump-diffusion,lowess,fixed
32,0.64,26.975063023878935,5,B2_fixed,Jump-diffusion,lowess,fixed
33,0.66,21.67046040678818,5,B2_fixed,Jump-diffusion,lowess,fixed
34,0.68,20.97992636143021,5,B2_fixed,Jump-diffusion,lowess,fixed
35,0.7000000000000001,31.91462072210213,5,B2_fixed,Jump-diffusion,lowess,fixed
36,0.72,29.895714739738388,5,B2_fixed,Jump-diffusion,lowess,fixed
37,0.74,29.83833441995985,5,B2_fixed,Jump-diffusion,lowess,fixed
38,0.76,29.713701228720645,5,B2_fixed,Jump-diffusion,lowess,fixed
39,0.78,29.667247709628107,5,B2_fixed,Jump-diffusion,lowess,fixed
40,0.8,29.61826350863324,5,B2_fixed,Jump-diffusion,lowess,fixed
41,0.8200000000000001,29.420089640782777,5,B2_fixed,Jump-diffusion,lowess,fixed
42,0.84,29.349870263732264,5,B2_fixed,Jump-diffusion,lowess,fixed
43,0.86,29.136142775613422,5,B2_fixed,Jump-diffusion,lowess,fixed
44,0.88,29.115708833741444,5,B2_fixed,Jump-diffusion,lowess,fixed
45,0.9,33.43762471833956,5,B2_fixed,Jump-diffusion,lowess,fixed
46,0.92,31.397197967912952,5,B2_fixed,Jump-diffusion,lowess,fixed
47,0.9400000000000001,34.58130580256601,5,B2_fixed,Jump-diffusion,lowess,fixed
48,0.96,23.76676988263505,5,B2_fixed,Jump-diffusion,lowess,fixed
49,0.98,20.942465404757076,5,B2_fixed,Jump-diffusion,lowess,fixed
1,0.02,,5,B2_cv,Jump-diffusion,lowess,cv
2,0.04,32.16185654580823,5,B2_cv,Jump-diffusion,lowess,cv
3,0.06,30.84914385276151,5,B2_cv,Jump-diffusion,lowess,cv
4,0.08,29.806369738315492,5,B2_cv,Jump-diffusion,lowess,cv
5,0.1,30.823432399033624,5,B2_cv,Jump-diffusion,lowess,cv
6,0.12,31.942685627073892,5,B2_cv,Jump-diffusion,lowess,cv
7,0.14,28.60826565268037,5,B2_cv,Jump-diffusion,lowess,cv
8,0.16,27.453157531303976,5,B2_cv,Jump-diffusion,lowess,cv
9,0.18,28.01641783521034,5,B2_cv,Jump-diffusion,lowess,cv
10,0.2,,5,B2_cv,Jump-diffusion,lowess,cv
11,0.22,,5,B2_cv,Jump-diffusion,lowess,cv
12,0.24,,5,B2_cv,Jump-diffusion,lowess,cv
13,0.26,,5,B2_cv,Jump-diffusion,lowess,cv
14,0.28,,5,B2_cv,Jump-diffusion,lowess,cv
15,0.3,,5,B2_cv,Jump-diffusion,lowess,cv
16,0.32,29.504497423691742,5,B2_cv,Jump-diffusion,lowess,cv
17,0.34,,5,B2_cv,Jump-diffusion,lowess,cv
18,0.36,,5,B2_cv,Jump-diffusion,lowess,cv
19,0.38,32.515506148365695,5,B2_cv,Jump-diffusion,lowess,cv
20,0.4,26.317294458738886,5,B2_cv,Jump-diffusion,lowess,cv
21,0.42,33.059503843102156,5,B2_cv,Jump-diffusion,lowess,cv
22,0.44,28.373421665890145,5,B2_cv,Jump-diffusion,lowess,cv
23,0.46,34.42393634811727,5,B2_cv,Jump-diffusion,lowess,cv
24,0.48,33.47910681016148,5,B2_cv,Jump-diffusion,lowess,cv
25,0.5,34.23672505353002,5,B2_cv,Jump-diffusion,lowess,cv
26,0.52,31.29158814283444,5,B2_cv,Jump-diffusion,lowess,cv
27,0.54,24.07739157774181,5,B2_cv,Jump-diffusion,lowess,cv
28,0.56,19.39160090547608,5,B2_cv,Jump-diffusion,lowess,cv
29,0.58,34.66890982118748,5,B2_cv,Jump-diffusion,lowess,cv
30,0.6,28.84865798286811,5,B2_cv,Jump-diffusion,lowess,cv
31,0.62,20.741316196032145,5,B2_cv,Jump-diffusion,lowess,cv
32,0.64,30.92392238779223,5,B2_cv,Jump-diffusion,lowess,cv
33,0.66,29.93665068868767,5,B2_cv,Jump-diffusion,lowess,cv
34,0.68,30.267900881327236,5,B2_cv,Jump-diffusion,lowess,cv
35,0.7000000000000001,32.06977061765434,5,B2_cv,Jump-diffusion,lowess,cv
36,0.72,29.66359457983142,5,B2_cv,Jump-diffusion,lowess,cv
37,0.74,30.052235239925306,5,B2_cv,Jump-diffusion,lowess,cv
38,0.76,29.309974373781067,5,B2_cv,Jump-diffusion,lowess,cv
39,0.78,20.095029524655867,5,B2_cv,Jump-diffusion,lowess,cv
40,0.8,29.484972690185206,5,B2_cv,Jump-diffusion,lowess,cv
41,0.8200000000000001,30.164041303791958,5,B2_cv,Jump-diffusion,lowess,cv
42,0.84,,5,B2_cv,Jump-diffusion,lowess,cv
43,0.86,29.273849120002755,5,B2_cv,Jump-diffusion,lowess,cv
44,0.88,29.044365092918895,5,B2_cv,Jump-diffusion,lowess,cv
45,0.9,32.10360348187879,5,B2_cv,Jump-diffusion,lowess,cv
46,0.92,31.543651343600974,5,B2_cv,Jump-diffusion,lowess,cv
47,0.9400000000000001,36.107352582817896,5,B2_cv,Jump-diffusion,lowess,cv
48,0.96,23.1458581913188,5,B2_cv,Jump-diffusion,lowess,cv
49,0.98,31.876725559191154,5,B2_cv,Jump-diffusion,lowess,cv
